mp,name,ons_code,signature_count
Tommy Sheppard MP,Edinburgh East,S14000022,5262
Deidre Brock MP,Edinburgh North and Leith,S14000023,6936
Ian Murray MP,Edinburgh South,S14000024,4632
Joanna Cherry QC MP,Edinburgh South West,S14000025,4114
Michelle Thomson MP,Edinburgh West,S14000026,3048
Dr Eilidh Whiteford MP,Banff and Buchan,S14000007,983
John Mc Nally MP,Falkirk,S14000028,1903
Alison Thewliss MP,Glasgow Central,S14000029,4196
Natalie McGarry MP,Glasgow East,S14000030,1097
Patrick Grady MP,Glasgow North,S14000031,4302
Anne McLaughlin MP,Glasgow North East,S14000032,1527
Carol Monaghan MP,Glasgow North West,S14000033,2682
Stewart Malcolm McDonald MP,Glasgow South,S14000034,3538
Chris Stephens MP,Glasgow South West,S14000035,1604
Peter Grant MP,Glenrothes,S14000036,1200
Rt Hon Alex Salmond MP,Gordon,S14000037,1893
Kirsty Blackman MP,Aberdeen North,S14000001,2263
Ronnie Cowan MP,Inverclyde,S14000038,1284
Drew Hendry MP,"Inverness, Nairn, Badenoch and Strathspey",S14000039,2166
Alan Brown MP,Kilmarnock and Loudoun,S14000040,1373
Roger Mullin MP,Kirkcaldy and Cowdenbeath,S14000041,1717
Angela Crawley MP,Lanark and Hamilton East,S14000042,1542
Martyn Day MP,Linlithgow and East Falkirk,S14000043,1970
Hannah Bardell MP,Livingston,S14000044,2045
Owen Thompson MP,Midlothian,S14000045,1899
Callum McCaig MP,Aberdeen South,S14000002,2345
Rt Hon Angus Robertson MP,Moray,S14000046,1530
Marion Fellows MP,Motherwell and Wishaw,S14000047,1211
Angus Brendan MacNeil MP,Na h-Eileanan an Iar,S14000027,472
Patricia Gibson MP,North Ayrshire and Arran,S14000048,1533
Stephen Gethins MP,North East Fife,S14000049,2606
Calum Kerr MP,"Berwickshire, Roxburgh and Selkirk",S14000008,1803
Ms Tasmina Ahmed-Sheikh MP,Ochil and South Perthshire,S14000050,2206
Rt Hon Alistair Carmichael MP,Orkney and Shetland,S14000051,1093
Gavin Newlands MP,Paisley and Renfrewshire North,S14000052,1727
Mhairi Black MP,Paisley and Renfrewshire South,S14000053,1657
Pete Wishart MP,Perth and North Perthshire,S14000054,2093
Ian Blackford MP,"Ross, Skye and Lochaber",S14000055,2145
Margaret Ferrier MP,Rutherglen and Hamilton West,S14000056,1879
Steven Paterson MP,Stirling,S14000057,2774
Stuart Blair Donaldson MP,West Aberdeenshire and Kincardine,S14000058,2143
Martin Docherty-Hughes MP,West Dunbartonshire,S14000059,1472
Stephen Kinnock MP,Aberavon,W07000049,704
Guto Bebb MP,Aberconwy,W07000058,1064
Sir Gerald Howarth MP,Aldershot,E14000530,1749
Wendy Morton MP,Aldridge-Brownhills,E14000531,726
Mr Graham Brady MP,Altrincham and Sale West,E14000532,2739
Mark Tami MP,Alyn and Deeside,W07000043,1186
Nigel Mills MP,Amber Valley,E14000533,1001
Hywel Williams MP,Arfon,W07000057,1578
Rt Hon Nick Herbert MP,Arundel and South Downs,E14000534,2733
Gloria De Piero MP,Ashfield,E14000535,965
Rt Hon Damian Green MP,Ashford,E14000536,1947
Angela Rayner MP,Ashton-under-Lyne,E14000537,1154
Rt Hon David Lidington MP,Aylesbury,E14000538,2389
Victoria Prentis MP,Banbury,E14000539,2684
Rt Hon Dame Margaret Hodge MP,Barking,E14000540,1924
Dan Jarvis MP,Barnsley Central,E14000541,792
Michael Dugher MP,Barnsley East,E14000542,732
John Woodcock MP,Barrow and Furness,E14000543,1347
Mr John Baron MP,Basildon and Billericay,E14000544,1221
Rt Hon Maria Miller MP,Basingstoke,E14000545,2187
John Mann MP,Bassetlaw,E14000546,1023
Ben Howlett MP,Bath,E14000547,4375
Tracy Brabin MP,Batley and Spen,E14000548,1990
Jane Ellison MP,Battersea,E14000549,5773
Rt Hon Dominic Grieve QC MP,Beaconsfield,E14000550,2382
Bob Stewart MP,Beckenham,E14000551,2620
Richard Fuller MP,Bedford,E14000552,2160
Gavin Robinson MP,Belfast East,N06000001,1298
Rt Hon Nigel Dodds MP,Belfast North,N06000002,1084
Dr Alasdair McDonnell MP,Belfast South,N06000003,2641
Paul Maskey MP,Belfast West,N06000004,785
Neil Coyle MP,Bermondsey and Old Southwark,E14000553,6796
Mrs Anne-Marie Trevelyan MP,Berwick-upon-Tweed,E14000554,1432
Rushanara Ali MP,Bethnal Green and Bow,E14000555,9075
Graham Stuart MP,Beverley and Holderness,E14000556,1608
Huw Merriman MP,Bexhill and Battle,E14000557,2064
Rt Hon David Evennett MP,Bexleyheath and Crayford,E14000558,1299
Rt Hon Frank Field MP,Birkenhead,E14000559,1540
Rt Hon Gisela Stuart MP,"Birmingham, Edgbaston",E14000560,2447
Jack Dromey MP,"Birmingham, Erdington",E14000561,1241
Mr Roger Godsiff MP,"Birmingham, Hall Green",E14000562,4210
Rt Hon Liam Byrne MP,"Birmingham, Hodge Hill",E14000563,2314
Shabana Mahmood MP,"Birmingham, Ladywood",E14000564,2793
Richard Burden MP,"Birmingham, Northfield",E14000565,1487
Mr Khalid Mahmood MP,"Birmingham, Perry Barr",E14000566,1530
Steve McCabe MP,"Birmingham, Selly Oak",E14000567,3138
Jess Phillips MP,"Birmingham, Yardley",E14000568,1762
Helen Goodman MP,Bishop Auckland,E14000569,1004
Kate Hollern MP,Blackburn,E14000570,2280
Graham Stringer MP,Blackley and Broughton,E14000571,1893
Paul Maynard MP,Blackpool North and Cleveleys,E14000572,936
Gordon Marsden MP,Blackpool South,E14000573,792
Nick Smith MP,Blaenau Gwent,W07000072,632
Mr David Anderson MP,Blaydon,E14000574,1542
Mr Ronnie Campbell MP,Blyth Valley,E14000575,997
Nick Gibb MP,Bognor Regis and Littlehampton,E14000576,1618
Mr Dennis Skinner MP,Bolsover,E14000577,861
Sir David Crausby MP,Bolton North East,E14000578,1562
Yasmin Qureshi MP,Bolton South East,E14000579,1500
Chris Green MP,Bolton West,E14000580,1409
Peter Dowd MP,Bootle,E14000581,1754
Matt Warman MP,Boston and Skegness,E14000582,723
David Tredinnick MP,Bosworth,E14000583,1509
Mr Tobias Ellwood MP,Bournemouth East,E14000584,2271
Conor Burns MP,Bournemouth West,E14000585,2088
Dr Phillip Lee MP,Bracknell,E14000586,2090
Imran Hussain MP,Bradford East,E14000587,1987
Judith Cummins MP,Bradford South,E14000588,1235
Naz Shah MP,Bradford West,E14000589,2657
James Cleverly MP,Braintree,E14000590,1434
Chris Davies MP,Brecon and Radnorshire,W07000068,1533
Dawn Butler MP,Brent Central,E14000591,4018
Barry Gardiner MP,Brent North,E14000592,2611
Ruth Cadbury MP,Brentford and Isleworth,E14000593,4936
Rt Hon Sir Eric Pickles MP,Brentwood and Ongar,E14000594,1602
Mrs Madeleine Moon MP,Bridgend,W07000073,1221
Mr Ian Liddell-Grainger MP,Bridgwater and West Somerset,E14000595,1770
Andrew Percy MP,Brigg and Goole,E14000596,916
Simon Kirby MP,"Brighton, Kemptown",E14000597,4300
Caroline Lucas MP,"Brighton, Pavilion",E14000598,8938
Kerry McCarthy MP,Bristol East,E14000599,3279
Charlotte Leslie MP,Bristol North West,E14000600,3376
Karin Smyth MP,Bristol South,E14000601,4439
Thangam Debbonaire MP,Bristol West,E14000602,10411
Rt Hon Keith Simpson MP,Broadland,E14000603,1813
Robert Neill MP,Bromley and Chislehurst,E14000604,2365
Rt Hon Sajid Javid MP,Bromsgrove,E14000605,1639
Mr Charles Walker MP,Broxbourne,E14000606,1277
Rt Hon Anna Soubry MP,Broxtowe,E14000607,2598
Rt Hon John Bercow MP,Buckingham,E14000608,2582
Julie Cooper MP,Burnley,E14000609,1012
Andrew Griffiths MP,Burton,E14000610,1307
Mr David Nuttall MP,Bury North,E14000611,1627
Mr Ivan Lewis MP,Bury South,E14000612,1958
Jo Churchill MP,Bury St Edmunds,E14000613,2205
Wayne David MP,Caerphilly,W07000076,1180
Craig Whittaker MP,Calder Valley,E14000614,2932
Rt Hon Harriet Harman QC MP,Camberwell and Peckham,E14000615,7256
George Eustice MP,Camborne and Redruth,E14000616,1796
Daniel Zeichner MP,Cambridge,E14000617,7095
Amanda Milling MP,Cannock Chase,E14000618,821
Sir Julian Brazier MP,Canterbury,E14000619,3770
Jo Stevens MP,Cardiff Central,W07000050,3636
Craig Williams MP,Cardiff North,W07000051,2878
Stephen Doughty MP,Cardiff South and Penarth,W07000080,3257
Kevin Brennan MP,Cardiff West,W07000079,2982
John Stevenson MP,Carlisle,E14000620,1171
Jonathan Edwards MP,Carmarthen East and Dinefwr,W07000067,1201
Simon Hart MP,Carmarthen West and South Pembrokeshire,W07000066,1231
Rt Hon Tom Brake MP,Carshalton and Wallington,E14000621,2252
Rebecca Harris MP,Castle Point,E14000622,826
Mel Stride MP,Central Devon,E14000623,2768
Dr Dan Poulter MP,Central Suffolk and North Ipswich,E14000624,1921
Mr Mark Williams MP,Ceredigion,W07000064,2163
Edward Argar MP,Charnwood,E14000625,1484
Tracey Crouch MP,Chatham and Aylesford,E14000626,1177
Mary Robinson MP,Cheadle,E14000627,2461
Rt Hon Sir Simon Burns MP,Chelmsford,E14000628,2347
Rt Hon Greg Hands MP,Chelsea and Fulham,E14000629,3813
Alex Chalk MP,Cheltenham,E14000630,3135
Rt Hon Cheryl Gillan MP,Chesham and Amersham,E14000631,2647
Toby Perkins MP,Chesterfield,E14000632,1318
Rt Hon Andrew Tyrie MP,Chichester,E14000633,2621
Rt Hon Iain Duncan Smith MP,Chingford and Woodford Green,E14000634,2470
Michelle Donelan MP,Chippenham,E14000635,2609
Rt Hon Theresa Villiers MP,Chipping Barnet,E14000636,3834
Rt Hon Lindsay Hoyle MP,Chorley,E14000637,1623
Mr Christopher Chope MP,Christchurch,E14000638,1267
Rt Hon Mark Field MP,Cities of London and Westminster,E14000639,5660
Christian Matheson MP,City of Chester,E14000640,2619
Dr Roberta Blackman-Woods MP,City of Durham,E14000641,2342
Mr Douglas Carswell MP,Clacton,E14000642,825
Martin Vickers MP,Cleethorpes,E14000643,946
Susan Elan Jones MP,Clwyd South,W07000062,1073
Rt Hon David Jones MP,Clwyd West,W07000059,1215
Will Quince MP,Colchester,E14000644,2563
Jason McCartney MP,Colne Valley,E14000645,2601
Fiona Bruce MP,Congleton,E14000646,1692
,Copeland,E14000647,1014
Tom Pursglove MP,Corby,E14000648,1703
Colleen Fletcher MP,Coventry North East,E14000649,1571
Mr Geoffrey Robinson MP,Coventry North West,E14000650,1702
Mr Jim Cunningham MP,Coventry South,E14000651,2267
Henry Smith MP,Crawley,E14000652,2066
Edward Timpson MP,Crewe and Nantwich,E14000653,1613
Gavin Barwell MP,Croydon Central,E14000654,2696
Mr Steve Reed MP,Croydon North,E14000655,3755
Chris Philp MP,Croydon South,E14000656,2974
Rt Hon Ann Clwyd MP,Cynon Valley,W07000070,731
Jon Cruddas MP,Dagenham and Rainham,E14000657,1156
Jenny Chapman MP,Darlington,E14000658,1355
Gareth Johnson MP,Dartford,E14000659,1669
Chris Heaton-Harris MP,Daventry,E14000660,1731
Rt Hon David Hanson MP,Delyn,W07000042,1002
Andrew Gwynne MP,Denton and Reddish,E14000661,1262
Amanda Solloway MP,Derby North,E14000662,2070
Rt Hon Margaret Beckett MP,Derby South,E14000663,1586
Rt Hon Sir Patrick McLoughlin MP,Derbyshire Dales,E14000664,2017
Claire Perry MP,Devizes,E14000665,1880
Paula Sherriff MP,Dewsbury,E14000666,2069
Rt Hon Caroline Flint MP,Don Valley,E14000667,928
Rt Hon Dame  Rosie Winterton MP,Doncaster Central,E14000668,1111
Rt Hon Edward Miliband MP,Doncaster North,E14000669,789
Charlie Elphicke MP,Dover,E14000670,1565
Ian Austin MP,Dudley North,E14000671,816
Mike Wood MP,Dudley South,E14000672,730
Helen Hayes MP,Dulwich and West Norwood,E14000673,7727
Liz Saville Roberts MP,Dwyfor Meirionnydd,W07000061,1067
Dr Rupa Huq MP,Ealing Central and Acton,E14000674,5709
Stephen Pound MP,Ealing North,E14000675,2854
Mr Virendra Sharma MP,"Ealing, Southall",E14000676,2588
Grahame Morris MP,Easington,E14000677,663
Sammy Wilson MP,East Antrim,N06000005,814
Rt Hon Sir Hugo  Swire MP,East Devon,E14000678,2471
Rt Hon Stephen Timms MP,East Ham,E14000679,3368
Damian Hinds MP,East Hampshire,E14000680,2291
Mr Gregory Campbell MP,East Londonderry,N06000006,692
Mr Sam Gyimah MP,East Surrey,E14000681,2320
Tim Loughton MP,East Worthing and Shoreham,E14000682,2714
Rt Hon Sir Greg Knight MP,East Yorkshire,E14000683,1387
Caroline Ansell MP,Eastbourne,E14000684,2275
Mims Davies MP,Eastleigh,E14000685,1973
Antoinette Sandbach MP,Eddisbury,E14000686,1430
Kate Osamor MP,Edmonton,E14000687,1715
Justin Madders MP,Ellesmere Port and Neston,E14000688,1390
Alec Shelbrooke MP,Elmet and Rothwell,E14000689,1799
Clive Efford MP,Eltham,E14000690,2515
Rt Hon Joan Ryan MP,Enfield North,E14000691,1934
Mr David Burrowes MP,"Enfield, Southgate",E14000692,3198
Mrs Eleanor Laing MP,Epping Forest,E14000693,1694
Rt Hon Chris Grayling MP,Epsom and Ewell,E14000694,2754
Maggie Throup MP,Erewash,E14000695,1399
Teresa Pearce MP,Erith and Thamesmead,E14000696,1485
Dominic Raab MP,Esher and Walton,E14000697,3375
Rt Hon Ben Bradshaw MP,Exeter,E14000698,3826
Suella Fernandes MP,Fareham,E14000699,1834
Helen Whately MP,Faversham and Mid Kent,E14000700,1834
Seema Malhotra MP,Feltham and Heston,E14000701,2151
Tom Elliott MP,Fermanagh and South Tyrone,N06000007,549
Jack Lopresti MP,Filton and Bradley Stoke,E14000702,2293
Mike Freer MP,Finchley and Golders Green,E14000703,4841
Damian Collins MP,Folkestone and Hythe,E14000704,2022
Rt Hon Mark Harper MP,Forest of Dean,E14000705,1679
Mark Durkan MP,Foyle,N06000008,1095
Mark Menzies MP,Fylde,E14000706,1358
Sir Edward Leigh MP,Gainsborough,E14000707,1418
Maria Eagle MP,Garston and Halewood,E14000708,1859
Ian Mearns MP,Gateshead,E14000709,1668
Vernon Coaker MP,Gedling,E14000710,1999
Rehman Chishti MP,Gillingham and Rainham,E14000711,1377
Richard Graham MP,Gloucester,E14000712,1679
Caroline Dinenage MP,Gosport,E14000713,1467
Byron Davies MP,Gower,W07000046,1475
Nick Boles MP,Grantham and Stamford,E14000714,1695
Adam Holloway MP,Gravesham,E14000715,1265
Melanie Onn MP,Great Grimsby,E14000716,793
Rt Hon Brandon Lewis MP,Great Yarmouth,E14000717,956
Matthew Pennycook MP,Greenwich and Woolwich,E14000718,5126
Rt Hon Anne Milton MP,Guildford,E14000719,3350
Ms Diane Abbott MP,Hackney North and Stoke Newington,E14000720,9895
Meg Hillier MP,Hackney South and Shoreditch,E14000721,8951
James Morris MP,Halesowen and Rowley Regis,E14000722,1079
Holly Lynch MP,Halifax,E14000723,1744
Rt Hon David Davis MP,Haltemprice and Howden,E14000724,1437
Derek Twigg MP,Halton,E14000725,1262
Andy Slaughter MP,Hammersmith,E14000726,5471
Tulip Siddiq MP,Hampstead and Kilburn,E14000727,7216
Rt Hon Sir Edward Garnier QC MP,Harborough,E14000728,2244
Rt Hon Robert Halfon MP,Harlow,E14000729,1229
Andrew Jones MP,Harrogate and Knaresborough,E14000730,2544
Bob Blackman MP,Harrow East,E14000731,1906
Gareth Thomas MP,Harrow West,E14000732,2602
Mr Iain Wright MP,Hartlepool,E14000733,863
Mr Bernard Jenkin MP,Harwich and North Essex,E14000734,1844
Rt Hon Amber Rudd MP,Hastings and Rye,E14000735,2923
Mr Alan Mak MP,Havant,E14000736,1386
Rt Hon John McDonnell MP,Hayes and Harlington,E14000737,1763
William Wragg MP,Hazel Grove,E14000738,1587
Rt Hon Mike Penning MP,Hemel Hempstead,E14000739,2126
Jon Trickett MP,Hemsworth,E14000740,1019
Dr Matthew Offord MP,Hendon,E14000741,3021
John Howell MP,Henley,E14000742,3053
Jesse Norman MP,Hereford and South Herefordshire,E14000743,1712
Mr Mark Prisk MP,Hertford and Stortford,E14000744,3022
Oliver Dowden MP,Hertsmere,E14000745,1983
Guy Opperman MP,Hexham,E14000746,1992
Liz McInnes MP,Heywood and Middleton,E14000747,1257
Andrew Bingham MP,High Peak,E14000748,2487
Rt Hon Peter Lilley MP,Hitchin and Harpenden,E14000749,3446
Keir Starmer MP,Holborn and St Pancras,E14000750,8958
Dame Angela Watkinson MP,Hornchurch and Upminster,E14000751,1345
Catherine West MP,Hornsey and Wood Green,E14000752,9438
Jeremy Quin MP,Horsham,E14000753,2770
Bridget Phillipson MP,Houghton and Sunderland South,E14000754,791
Peter Kyle MP,Hove,E14000755,6064
Mr Barry Sheerman MP,Huddersfield,E14000756,1871
Mr Jonathan Djanogly MP,Huntingdon,E14000757,2386
Graham Jones MP,Hyndburn,E14000758,1216
Wes Streeting MP,Ilford North,E14000759,2627
Mike Gapes MP,Ilford South,E14000760,3422
Rt Hon Ben Gummer MP,Ipswich,E14000761,2034
Mr Andrew Turner MP,Isle of Wight,E14000762,2666
Rt Hon Jeremy Corbyn MP,Islington North,E14000763,8719
Emily Thornberry MP,Islington South and Finsbury,E14000764,7002
Chris Evans MP,Islwyn,W07000077,845
Mr Stephen Hepburn MP,Jarrow,E14000765,1154
Kris Hopkins MP,Keighley,E14000766,2192
Rt Hon Jeremy Wright QC MP,Kenilworth and Southam,E14000767,2032
Victoria Borwick MP,Kensington,E14000768,4626
Mr Philip Hollobone MP,Kettering,E14000769,1448
James Berry MP,Kingston and Surbiton,E14000770,4390
Karl Turner MP,Kingston upon Hull East,E14000771,779
Diana Johnson MP,Kingston upon Hull North,E14000772,1568
Rt Hon Alan Johnson MP,Kingston upon Hull West and Hessle,E14000773,1072
Chris Skidmore MP,Kingswood,E14000774,1468
Rt Hon George Howarth MP,Knowsley,E14000775,1151
Rt Hon Sir Jeffrey M. Donaldson MP,Lagan Valley,N06000009,1040
Cat Smith MP,Lancaster and Fleetwood,E14000776,2304
Rt Hon Hilary Benn MP,Leeds Central,E14000777,3296
Richard Burgon MP,Leeds East,E14000778,1458
Fabian Hamilton MP,Leeds North East,E14000779,3996
Greg Mulholland MP,Leeds North West,E14000780,3286
Rachel Reeves MP,Leeds West,E14000781,2459
Rt Hon Keith Vaz MP,Leicester East,E14000782,1867
Jonathan Ashworth MP,Leicester South,E14000783,3503
Liz Kendall MP,Leicester West,E14000784,1655
Rt Hon Andy Burnham MP,Leigh,E14000785,1048
Maria Caulfield MP,Lewes,E14000786,3531
Heidi Alexander MP,Lewisham East,E14000787,3624
Jim Dowd MP,Lewisham West and Penge,E14000788,5724
Vicky Foxcroft MP,"Lewisham, Deptford",E14000789,7737
John Cryer MP,Leyton and Wanstead,E14000790,4814
Michael Fabricant MP,Lichfield,E14000791,1587
Karl McCartney MP,Lincoln,E14000792,2332
Mrs Louise Ellman MP,"Liverpool, Riverside",E14000793,4356
Steve Rotheram MP,"Liverpool, Walton",E14000794,1146
Luciana Berger MP,"Liverpool, Wavertree",E14000795,2386
Stephen Twigg MP,"Liverpool, West Derby",E14000796,1270
Nia Griffith MP,Llanelli,W07000045,979
Rt Hon Nicky Morgan MP,Loughborough,E14000797,2181
Victoria Atkins MP,Louth and Horncastle,E14000798,1212
Mr Philip Dunne MP,Ludlow,E14000799,1772
Kelvin Hopkins MP,Luton North,E14000800,1810
Mr Gavin Shuker MP,Luton South,E14000801,2143
David Rutley MP,Macclesfield,E14000802,2365
Rt Hon Theresa May MP,Maidenhead,E14000803,2821
Mrs Helen Grant MP,Maidstone and The Weald,E14000804,1971
Yvonne Fovargue MP,Makerfield,E14000805,928
Rt Hon John Whittingdale MP,Maldon,E14000806,1275
Lucy Powell MP,Manchester Central,E14000807,4564
Rt Hon Sir Gerald Kaufman MP,"Manchester, Gorton",E14000808,3997
Jeff Smith MP,"Manchester, Withington",E14000809,5890
Sir Alan Meale MP,Mansfield,E14000810,907
Neil Gray MP,Airdrie and Shotts,S14000003,979
George Hollingbery MP,Meon Valley,E14000811,1670
Rt Hon Dame Caroline Spelman MP,Meriden,E14000812,1409
Gerald Jones MP,Merthyr Tydfil and Rhymney,W07000071,766
Nadine Dorries MP,Mid Bedfordshire,E14000813,2162
Pauline Latham MP,Mid Derbyshire,E14000814,1639
Michael Tomlinson MP,Mid Dorset and North Poole,E14000815,1495
George Freeman MP,Mid Norfolk,E14000816,1683
Rt Hon Sir Nicholas Soames MP,Mid Sussex,E14000817,3044
Francie Molloy MP,Mid Ulster,N06000010,462
Nigel Huddleston MP,Mid Worcestershire,E14000818,1462
Andy McDonald MP,Middlesbrough,E14000819,1170
Tom Blenkinsop MP,Middlesbrough South and East Cleveland,E14000820,1138
Mark Lancaster MP,Milton Keynes North,E14000821,2851
Iain Stewart MP,Milton Keynes South,E14000822,2627
Siobhain McDonagh MP,Mitcham and Morden,E14000823,2605
Sir Paul Beresford MP,Mole Valley,E14000824,2700
David T. C. Davies MP,Monmouth,W07000054,2109
Glyn Davies MP,Montgomeryshire,W07000063,1246
David Morris MP,Morecambe and Lunesdale,E14000825,1357
Andrea Jenkyns MP,Morley and Outwood,E14000826,1631
Christina Rees MP,Neath,W07000069,944
Rt Hon Dr Julian Lewis MP,New Forest East,E14000827,1615
Rt Hon Sir Desmond Swayne MP,New Forest West,E14000828,1483
Robert Jenrick MP,Newark,E14000829,1874
Richard Benyon MP,Newbury,E14000830,2517
Chi Onwurah MP,Newcastle upon Tyne Central,E14000831,2198
Rt Hon Nicholas Brown MP,Newcastle upon Tyne East,E14000832,3311
Catherine McKinnell MP,Newcastle upon Tyne North,E14000833,1812
Paul Farrelly MP,Newcastle-under-Lyme,E14000834,1355
Jessica Morden MP,Newport East,W07000055,1157
Paul Flynn MP,Newport West,W07000056,1550
Mickey Brady MP,Newry and Armagh,N06000011,696
Anne Marie Morris MP,Newton Abbot,E14000835,1898
Rt Hon Yvette Cooper MP,"Normanton, Pontefract and Castleford",E14000836,950
Ian Paisley MP,North Antrim,N06000012,572
Scott Mann MP,North Cornwall,E14000837,1778
Peter Heaton-Jones MP,North Devon,E14000838,1803
Simon Hoare MP,North Dorset,E14000839,1959
Lady Hermon MP,North Down,N06000013,1248
Mr Kevan Jones MP,North Durham,E14000840,976
Rt Hon Alistair Burt MP,North East Bedfordshire,E14000841,2264
Stephen Barclay MP,North East Cambridgeshire,E14000842,1329
Natascha Engel MP,North East Derbyshire,E14000843,1198
Mr Ranil Jayawardena MP,North East Hampshire,E14000844,2320
Rt Hon Sir Oliver Heald QC MP,North East Hertfordshire,E14000845,2355
Mr Jacob Rees-Mogg MP,North East Somerset,E14000846,2355
Bill Wiggin MP,North Herefordshire,E14000847,1804
Rt Hon Norman Lamb MP,North Norfolk,E14000848,1620
Rt Hon Owen Paterson MP,North Shropshire,E14000849,1589
Rt Hon Dr Liam Fox MP,North Somerset,E14000850,2813
Justin Tomlinson MP,North Swindon,E14000851,1547
Sir Roger Gale MP,North Thanet,E14000852,1522
Mary Glindon MP,North Tyneside,E14000853,1673
Craig Tracey MP,North Warwickshire,E14000854,914
Mr Shailesh Vara MP,North West Cambridgeshire,E14000855,2047
Pat Glass MP,North West Durham,E14000856,1302
Kit Malthouse MP,North West Hampshire,E14000857,2050
Andrew Bridgen MP,North West Leicestershire,E14000858,1340
Sir Henry Bellingham MP,North West Norfolk,E14000859,1213
James Gray MP,North Wiltshire,E14000860,2165
Michael Ellis MP,Northampton North,E14000861,1516
David Mackintosh MP,Northampton South,E14000862,1558
Chloe Smith MP,Norwich North,E14000863,1987
Clive Lewis MP,Norwich South,E14000864,4280
Chris Leslie MP,Nottingham East,E14000865,3223
Mr Graham Allen MP,Nottingham North,E14000866,992
Lilian Greenwood MP,Nottingham South,E14000867,2748
Mr Marcus Jones MP,Nuneaton,E14000868,1117
Chris Elmore MP,Ogmore,W07000074,854
Rt Hon James Brokenshire MP,Old Bexley and Sidcup,E14000869,1461
Debbie Abrahams MP,Oldham East and Saddleworth,E14000870,1682
Jim McMahon MP,Oldham West and Royton,E14000871,1518
Joseph Johnson MP,Orpington,E14000872,1806
Rt Hon Andrew Smith MP,Oxford East,E14000873,6302
Nicola Blackwood MP,Oxford West and Abingdon,E14000874,5119
Andrew Stephenson MP,Pendle,E14000875,1335
Angela Smith MP,Penistone and Stocksbridge,E14000876,1412
Rory Stewart MP,Penrith and The Border,E14000877,1653
Mr Stewart Jackson MP,Peterborough,E14000878,1927
Johnny Mercer MP,"Plymouth, Moor View",E14000879,983
Oliver Colvile MP,"Plymouth, Sutton and Devonport",E14000880,2780
Owen Smith MP,Pontypridd,W07000075,1358
Mr Robert Syms MP,Poole,E14000881,1805
Jim Fitzpatrick MP,Poplar and Limehouse,E14000882,6294
Penny Mordaunt MP,Portsmouth North,E14000883,1414
Mrs Flick Drummond MP,Portsmouth South,E14000884,2910
Rt Hon Stephen Crabb MP,Preseli Pembrokeshire,W07000065,1455
Mr Mark Hendrick MP,Preston,E14000885,1806
Stuart Andrew MP,Pudsey,E14000886,2493
Rt Hon Justine Greening MP,Putney,E14000887,4402
Rt Hon Mark Francois MP,Rayleigh and Wickford,E14000888,1206
Mr Rob Wilson MP,Reading East,E14000889,3730
Alok Sharma MP,Reading West,E14000890,2354
Anna Turley MP,Redcar,E14000891,742
Karen Lumley MP,Redditch,E14000892,1167
Crispin Blunt MP,Reigate,E14000893,2554
Chris Bryant MP,Rhondda,W07000052,655
Mr Nigel Evans MP,Ribble Valley,E14000894,1583
Rishi Sunak MP,Richmond (Yorks),E14000895,1691
Sarah Olney MP,Richmond Park,E14000896,5768
Simon Danczuk MP,Rochdale,E14000897,1768
Kelly Tolhurst MP,Rochester and Strood,E14000898,1687
James Duddridge MP,Rochford and Southend East,E14000899,1703
Andrew Rosindell MP,Romford,E14000900,1449
Caroline Nokes MP,Romsey and Southampton North,E14000901,2275
Jake Berry MP,Rossendale and Darwen,E14000902,1341
Rt Hon Sir Kevin Barron MP,Rother Valley,E14000903,1070
Sarah Champion MP,Rotherham,E14000904,1010
Mark Pawsey MP,Rugby,E14000905,1635
Mr Nick Hurd MP,"Ruislip, Northwood and Pinner",E14000906,2330
Rt Hon Philip Hammond MP,Runnymede and Weybridge,E14000907,2632
Rt Hon Kenneth Clarke QC MP,Rushcliffe,E14000908,3019
Rt Hon Sir Alan Duncan MP,Rutland and Melton,E14000909,1928
Rt Hon Sir Alan Haselhurst MP,Saffron Walden,E14000910,2320
Rebecca Long Bailey MP,Salford and Eccles,E14000911,2693
John Glen MP,Salisbury,E14000912,2180
Mr Robert Goodwill MP,Scarborough and Whitby,E14000913,1584
Nic Dakin MP,Scunthorpe,E14000914,875
Phil Wilson MP,Sedgefield,E14000915,913
Bill Esterson MP,Sefton Central,E14000916,1724
Nigel Adams MP,Selby and Ainsty,E14000917,1580
Rt Hon Sir Michael Fallon MP,Sevenoaks,E14000918,2002
Paul Blomfield MP,Sheffield Central,E14000919,5252
Mr Clive Betts MP,Sheffield South East,E14000920,1259
Gill Furniss MP,"Sheffield, Brightside and Hillsborough",E14000921,1837
Rt Hon Nick Clegg MP,"Sheffield, Hallam",E14000922,3856
Louise Haigh MP,"Sheffield, Heeley",E14000923,2249
Mark Spencer MP,Sherwood,E14000924,1288
Philip Davies MP,Shipley,E14000925,2418
Daniel Kawczynski MP,Shrewsbury and Atcham,E14000926,2332
Gordon Henderson MP,Sittingbourne and Sheppey,E14000927,1200
Julian Smith MP,Skipton and Ripon,E14000928,2235
Dr Caroline Johnson MP,Sleaford and North Hykeham,E14000929,1746
Rt Hon Fiona Mactaggart MP,Slough,E14000930,2717
Julian Knight MP,Solihull,E14000931,1875
David Warburton MP,Somerton and Frome,E14000932,3020
Danny Kinahan MP,South Antrim,N06000014,833
Stephen Metcalfe MP,South Basildon and East Thurrock,E14000933,911
Heidi Allen MP,South Cambridgeshire,E14000934,4143
Heather Wheeler MP,South Derbyshire,E14000935,1329
Richard Drax MP,South Dorset,E14000936,1766
Ms Margaret Ritchie MP,South Down,N06000015,1026
Lucy Frazer MP,South East Cambridgeshire,E14000937,3647
Mrs Sheryll Murray MP,South East Cornwall,E14000938,1956
Rt Hon John Hayes MP,South Holland and The Deepings,E14000939,1003
Alberto Costa MP,South Leicestershire,E14000940,1533
Mr Richard Bacon MP,South Norfolk,E14000941,2341
Rt Hon Andrea Leadsom MP,South Northamptonshire,E14000942,2168
Seema Kennedy MP,South Ribble,E14000943,1545
Mrs Emma Lewell-Buck MP,South Shields,E14000944,1052
Rt Hon Gavin Williamson MP,South Staffordshire,E14000945,992
James Cartlidge MP,South Suffolk,E14000946,1886
Robert Buckland MP,South Swindon,E14000947,2104
Craig Mackinlay MP,South Thanet,E14000948,1914
Andrew Selous MP,South West Bedfordshire,E14000949,1832
Mr Gary Streeter MP,South West Devon,E14000950,1617
Rt Hon David Gauke MP,South West Hertfordshire,E14000951,3045
Rt Hon Elizabeth Truss MP,South West Norfolk,E14000952,1262
Rt Hon Jeremy Hunt MP,South West Surrey,E14000953,3315
Dr Andrew Murrison MP,South West Wiltshire,E14000954,1948
Royston Smith MP,"Southampton, Itchen",E14000955,2120
Dr Alan Whitehead MP,"Southampton, Test",E14000956,2747
Sir David Amess MP,Southend West,E14000957,1871
John Pugh MP,Southport,E14000958,1611
Kwasi Kwarteng MP,Spelthorne,E14000959,1888
Mrs Anne Main MP,St Albans,E14000960,3779
Steve Double MP,St Austell and Newquay,E14000961,1781
Conor McGinn MP,St Helens North,E14000962,1140
Marie Rimmer MP,St Helens South and Whiston,E14000963,1293
Derek Thomas MP,St Ives,E14000964,2314
Jeremy Lefroy MP,Stafford,E14000965,1673
Rt Hon Karen Bradley MP,Staffordshire Moorlands,E14000966,1049
Jonathan Reynolds MP,Stalybridge and Hyde,E14000967,1515
Stephen McPartland MP,Stevenage,E14000968,1695
Ann Coffey MP,Stockport,E14000969,2475
Alex Cunningham MP,Stockton North,E14000970,996
James Wharton MP,Stockton South,E14000971,1356
,Stoke-on-Trent Central,E14000972,1160
Ruth Smeeth MP,Stoke-on-Trent North,E14000973,858
Robert Flello MP,Stoke-on-Trent South,E14000974,821
Sir William Cash MP,Stone,E14000975,1230
Margot James MP,Stourbridge,E14000976,1282
Jim Shannon MP,Strangford,N06000016,699
Nadhim Zahawi MP,Stratford-on-Avon,E14000977,2012
Mr Chuka Umunna MP,Streatham,E14000978,7039
Kate Green MP,Stretford and Urmston,E14000979,2841
Neil Carmichael MP,Stroud,E14000980,3308
Dr Thérèse Coffey MP,Suffolk Coastal,E14000981,2306
Julie Elliott MP,Sunderland Central,E14000982,1362
Rt Hon Michael Gove MP,Surrey Heath,E14000983,2201
Paul Scully MP,Sutton and Cheam,E14000984,2352
Rt Hon Andrew Mitchell MP,Sutton Coldfield,E14000985,1823
Carolyn Harris MP,Swansea East,W07000048,914
Geraint Davies MP,Swansea West,W07000047,1992
Christopher Pincher MP,Tamworth,E14000986,981
Rt Hon George Osborne MP,Tatton,E14000987,1857
Rebecca Pow MP,Taunton Deane,E14000988,2431
Lucy Allan MP,Telford,E14000989,1089
Mr Laurence Robertson MP,Tewkesbury,E14000990,1927
Geoffrey Clifton-Brown MP,The Cotswolds,E14000991,2455
Mark Pritchard MP,The Wrekin,E14000992,1287
Kevin Hollinrake MP,Thirsk and Malton,E14000993,1825
Luke Hall MP,Thornbury and Yate,E14000994,1731
Jackie Doyle-Price MP,Thurrock,E14000995,1081
Neil Parish MP,Tiverton and Honiton,E14000996,2004
Tom Tugendhat MP,Tonbridge and Malling,E14000997,2260
Dr Rosena Allin-Khan MP,Tooting,E14000998,5973
Kevin Foster MP,Torbay,E14000999,1577
Nick Thomas-Symonds MP,Torfaen,W07000053,954
Mr Geoffrey Cox QC MP,Torridge and West Devon,E14001000,2091
Dr Sarah Wollaston MP,Totnes,E14001001,2514
Rt Hon David Lammy MP,Tottenham,E14001002,5255
Sarah Newton MP,Truro and Falmouth,E14001003,3203
Rt Hon Greg Clark MP,Tunbridge Wells,E14001004,2932
Dr Tania Mathias MP,Twickenham,E14001005,5489
Rt Hon Alan Campbell MP,Tynemouth,E14001006,2528
David Simpson MP,Upper Bann,N06000017,839
Rt Hon Boris Johnson MP,Uxbridge and South Ruislip,E14001007,2145
Dr James Davies MP,Vale of Clwyd,W07000060,1005
Rt Hon Alun Cairns MP,Vale of Glamorgan,W07000078,1950
Kate Hoey MP,Vauxhall,E14001008,7335
Mary Creagh MP,Wakefield,E14001009,1364
Ms Angela Eagle MP,Wallasey,E14001010,1795
Mr David Winnick MP,Walsall North,E14001011,639
Valerie Vaz MP,Walsall South,E14001012,1542
Stella Creasy MP,Walthamstow,E14001013,6055
Ian Lavery MP,Wansbeck,E14001014,1056
Rt Hon Edward Vaizey MP,Wantage,E14001015,3291
Rt Hon John Spellar MP,Warley,E14001016,1466
Helen Jones MP,Warrington North,E14001017,1287
David Mowat MP,Warrington South,E14001018,2118
Chris White MP,Warwick and Leamington,E14001019,3035
Mrs Sharon Hodgson MP,Washington and Sunderland West,E14001020,874
Richard Harrington MP,Watford,E14001021,2987
Peter Aldous MP,Waveney,E14001022,1291
Nusrat Ghani MP,Wealden,E14001023,2487
Graham Evans MP,Weaver Vale,E14001024,1657
Mr Peter Bone MP,Wellingborough,E14001025,1426
James Heappey MP,Wells,E14001026,2595
Rt Hon Grant Shapps MP,Welwyn Hatfield,E14001027,2318
Rt Hon John Healey MP,Wentworth and Dearne,E14001028,825
Tom Watson MP,West Bromwich East,E14001029,786
Mr Adrian Bailey MP,West Bromwich West,E14001030,718
Rt Hon Sir Oliver Letwin MP,West Dorset,E14001031,2680
Lyn Brown MP,West Ham,E14001032,4951
Rosie Cooper MP,West Lancashire,E14001033,1541
Rt Hon Matt Hancock MP,West Suffolk,E14001034,1491
Mr Pat Doherty MP,West Tyrone,N06000018,503
Harriett Baldwin MP,West Worcestershire,E14001035,2087
Ms Karen Buck MP,Westminster North,E14001036,4581
Tim Farron MP,Westmorland and Lonsdale,E14001037,2178
John Penrose MP,Weston-super-Mare,E14001038,2010
Lisa Nandy MP,Wigan,E14001039,1137
Stephen Hammond MP,Wimbledon,E14001040,4293
Steve Brine MP,Winchester,E14001041,3352
Adam Afriyie MP,Windsor,E14001042,2649
Alison McGovern MP,Wirral South,E14001043,1428
Margaret Greenwood MP,Wirral West,E14001044,1616
Rt Hon Priti Patel MP,Witham,E14001045,1413
Robert Courts MP,Witney,E14001046,3149
Mr Jonathan Lord MP,Woking,E14001047,2997
Rt Hon John Redwood MP,Wokingham,E14001048,2853
Emma Reynolds MP,Wolverhampton North East,E14001049,714
Rt Hon Pat McFadden MP,Wolverhampton South East,E14001050,628
Rob Marris MP,Wolverhampton South West,E14001051,1491
Mr Robin Walker MP,Worcester,E14001052,2110
Sue Hayman MP,Workington,E14001053,984
Barbara Keeley MP,Worsley and Eccles South,E14001054,1432
Sir Peter Bottomley MP,Worthing West,E14001055,2320
Ian C. Lucas MP,Wrexham,W07000044,959
Mr Steve Baker MP,Wycombe,E14001056,2960
Mr Ben Wallace MP,Wyre and Preston North,E14001057,1675
Mark Garnier MP,Wyre Forest,E14001058,1384
Mike Kane MP,Wythenshawe and Sale East,E14001059,2172
Marcus Fysh MP,Yeovil,E14001060,1800
Albert Owen MP,Ynys Môn,W07000041,1041
Rachael Maskell MP,York Central,E14001061,4424
Julian Sturdy MP,York Outer,E14001062,2476
Dr Paul Monaghan MP,"Caithness, Sutherland and Easter Ross",S14000009,1048
Mike Weir MP,Angus,S14000004,1294
Dr Philippa Whitford MP,Central Ayrshire,S14000010,1277
Brendan O'Hara MP,Argyll and Bute,S14000005,2185
Philip Boswell MP,"Coatbridge, Chryston and Bellshill",S14000011,1402
Stuart C. McDonald MP,"Cumbernauld, Kilsyth and Kirkintilloch East",S14000012,1659
Richard Arkless MP,Dumfries and Galloway,S14000013,1489
Rt Hon David Mundell MP,"Dumfriesshire, Clydesdale and Tweeddale",S14000014,1765
Stewart Hosie MP,Dundee East,S14000015,1767
Chris Law MP,Dundee West,S14000016,2154
Douglas Chapman MP,Dunfermline and West Fife,S14000017,2226
John Nicolson MP,East Dunbartonshire,S14000018,2453
Dr Lisa Cameron MP,"East Kilbride, Strathaven and Lesmahagow",S14000019,1997
Corri Wilson MP,"Ayr, Carrick and Cumnock",S14000006,1181
George Kerevan MP,East Lothian,S14000020,2766
Kirsten Oswald MP,East Renfrewshire,S14000021,2492
